1A-FE-34-9A-B1-71,1AFE349AB171,18-FE-34-9A-B1-71,18FE349AB171
1A-FE-34-9A-B1-71,1AFE349AB171,18-FE-34-9A-B1-71,18FE349AB171
1A-FE-34-9A-B1-71,1AFE349AB171,18-FE-34-9A-B1-71,18FE349AB171
1A-FE-34-9A-B1-71,1AFE349AB171,18-FE-34-9A-B1-71,18FE349AB171
1A-FE-34-9F-6D-30,1AFE349F6D30,18-FE-34-9F-6D-30,18FE349F6D30
1A-FE-34-02-C0-D0,1AFE3402C0D0,18-FE-34-02-C0-D0,18FE3402C0D0
1A-FE-34-02-C0-D0,1AFE3402C0D0,18-FE-34-02-C0-D0,18FE3402C0D0
1A-FE-34-02-C0-D0,1AFE3402C0D0,18-FE-34-02-C0-D0,18FE3402C0D0
1A-FE-34-02-C0-D0,1AFE3402C0D0,18-FE-34-02-C0-D0,18FE3402C0D0
1A-FE-34-02-C0-D0,1AFE3402C0D0,18-FE-34-02-C0-D0,18FE3402C0D0
